<?xml version="1.0" encoding="UTF-8"?>
<!DOCTYPE suite SYSTEM "http://testng.org/testng-1.0.dtd">
<suite name="All Test Suite">
    <test verbose="2"
          name="Practo-finding-hospitals">
        <groups>
            <run>
                <include name="smoke"
                         description="performing smoke test on the hospitalFindTest, topCitiesNameTest, invalidCheckModule"/>
                <include name="regression"
                         description="performing regression test on invalidCheckModule"/>
            </run>
        </groups>
        <classes>
            <class name="com.cognizant.hackathon.tests.PractoTest"/>
        </classes>
    </test>
</suite>